model,mae,rmse,mape,smape
baseline_last,12.006849315068493,14.892192493393106,76.82534962998706,91.85513405121615
baseline_weekly,11.31906392694064,14.329914905093283,73.35790773885911,86.44523619155356
prophet_log1p,3.244323746724918,4.26641127119543,30.061583816802045,26.24785689004495
